特征组合,特征维度,样本数,准确率,宏平均F1,CV准确率均值,CV准确率标准差,CV宏F1均值,CV宏F1标准差
Jitter+Shimmer+RMS+Centroid+H1H2+Mfcc3,16,100,0.8667,0.8629,0.83,0.11,0.8272,0.1123
Jitter+Shimmer+RMS+Centroid+H1H2+SpectralSlope+Mfcc3,18,100,0.8667,0.8629,0.83,0.1345,0.8336,0.1348
Jitter+Shimmer+RMS+Centroid+SpectralSlope+Mfcc3,16,100,0.8333,0.8351,0.83,0.1345,0.8283,0.1378
Jitter+Shimmer+RMS+H1H2+Mfcc3,14,100,0.8,0.7985,0.83,0.09,0.8335,0.0983
Jitter+Shimmer+RMS+Centroid+SpectralSlope,10,100,0.7,0.7054,0.83,0.1187,0.8386,0.1192
Jitter+Shimmer+Centroid+H1H2+Mfcc3,14,100,0.8,0.8069,0.82,0.1166,0.8084,0.1242
Jitter+Shimmer+RMS+Centroid+H1H2,10,100,0.7667,0.7638,0.82,0.1327,0.8184,0.1325
Jitter+Shimmer+RMS+SpectralSlope+Mfcc3,14,100,0.7667,0.7691,0.82,0.1077,0.8183,0.12
Jitter+Shimmer+Centroid+H1H2,8,100,0.7333,0.7607,0.82,0.1249,0.8161,0.1337
Jitter+Shimmer+RMS+Centroid+Mfcc3,14,100,0.8667,0.8629,0.81,0.13,0.8028,0.1313
Jitter+Shimmer+Centroid+Mfcc3,12,100,0.8,0.8069,0.81,0.13,0.802,0.1323
Jitter+RMS+Centroid+H1H2+SpectralSlope,10,100,0.7667,0.7787,0.81,0.1221,0.8022,0.1142
Jitter+Shimmer+RMS+H1H2+SpectralSlope+Mfcc3,16,100,0.7333,0.733,0.81,0.0943,0.8167,0.106
Jitter+RMS+Mfcc3,10,100,0.7,0.7056,0.81,0.0943,0.8071,0.1017
Jitter+Shimmer+Centroid+H1H2+SpectralSlope,10,100,0.7,0.7071,0.81,0.1136,0.8015,0.1422
Jitter+RMS+Centroid+SpectralSlope+Mfcc3,14,100,0.7667,0.7735,0.8,0.0894,0.7897,0.0853
Jitter+Shimmer+RMS+Centroid+H1H2+SpectralSlope,12,100,0.7,0.7054,0.8,0.0894,0.7959,0.0832
Jitter+Shimmer+RMS+Mfcc3,12,100,0.8333,0.8351,0.79,0.1136,0.7958,0.1184
Jitter+Shimmer+Centroid,6,100,0.7667,0.7879,0.79,0.1221,0.7849,0.1536
Jitter+RMS+Centroid+SpectralSlope,8,100,0.7333,0.7345,0.79,0.1044,0.7902,0.1063
Jitter+Shimmer+Centroid+SpectralSlope+Mfcc3,14,100,0.7333,0.7395,0.79,0.1221,0.7861,0.1251
Jitter+Shimmer+RMS+Centroid,8,100,0.7,0.6986,0.79,0.0943,0.7899,0.1002
Jitter+RMS+Centroid+H1H2+Mfcc3,14,100,0.7667,0.7787,0.78,0.0748,0.7712,0.0723
Jitter+Centroid+SpectralSlope,6,100,0.7333,0.751,0.78,0.0872,0.7582,0.1061
Jitter+RMS+Centroid+Mfcc3,12,100,0.7333,0.7345,0.78,0.1077,0.7755,0.1014
Jitter+RMS+Centroid+H1H2+SpectralSlope+Mfcc3,16,100,0.7333,0.7345,0.78,0.098,0.7727,0.0932
Jitter+Shimmer+Centroid+SpectralSlope,8,100,0.7,0.7122,0.78,0.1166,0.7654,0.1284
Jitter+RMS+H1H2+Mfcc3,12,100,0.7,0.7056,0.78,0.098,0.7663,0.0904
Jitter+Centroid+H1H2+SpectralSlope+Mfcc3,14,100,0.7,0.7056,0.78,0.1249,0.7736,0.129
Jitter+RMS+Centroid,6,100,0.6667,0.6752,0.78,0.0748,0.7773,0.0678
Shimmer+Centroid+Mfcc3,10,100,0.8333,0.8171,0.77,0.11,0.7378,0.1404
Shimmer+Centroid+H1H2+Mfcc3,12,100,0.8333,0.8171,0.77,0.11,0.7378,0.1404
Shimmer+RMS+SpectralSlope+Mfcc3,12,100,0.7667,0.7412,0.77,0.1187,0.7519,0.1401
Shimmer+RMS+Mfcc3,10,100,0.7333,0.7216,0.77,0.1418,0.7559,0.1515
Jitter+Shimmer+Centroid+H1H2+SpectralSlope+Mfcc3,16,100,0.7333,0.7395,0.77,0.1187,0.7661,0.121
Jitter+RMS+Centroid+H1H2,8,100,0.7,0.7054,0.77,0.1418,0.7521,0.1642
Jitter+Centroid+H1H2+Mfcc3,12,100,0.7,0.7071,0.77,0.1487,0.7686,0.1504
Jitter+RMS+H1H2+SpectralSlope+Mfcc3,14,100,0.7,0.7056,0.77,0.11,0.7633,0.1022
RMS+SpectralSlope+Mfcc3,10,100,0.6333,0.6244,0.77,0.1269,0.7609,0.1399
Jitter+Centroid+H1H2,6,100,0.7333,0.7563,0.76,0.1625,0.707,0.2247
Jitter+RMS+SpectralSlope+Mfcc3,12,100,0.7333,0.7444,0.76,0.102,0.7517,0.1083
Jitter+Centroid+H1H2+SpectralSlope,8,100,0.7333,0.751,0.76,0.12,0.7224,0.1509
RMS+Mfcc3,8,100,0.7,0.6912,0.76,0.1356,0.7485,0.14
Jitter+Centroid,4,100,0.6667,0.6626,0.76,0.102,0.7349,0.1246
Jitter+Shimmer+Mfcc3,10,100,0.6667,0.6789,0.76,0.12,0.7461,0.1467
Jitter+Shimmer+RMS+H1H2+SpectralSlope,10,100,0.6667,0.6689,0.76,0.1356,0.7593,0.1436
Shimmer+RMS+Centroid+Mfcc3,12,100,0.7667,0.7549,0.75,0.1025,0.7366,0.1201
Shimmer+RMS+Centroid+H1H2+Mfcc3,14,100,0.7667,0.7549,0.75,0.1118,0.7356,0.1274
Shimmer+RMS+Centroid+SpectralSlope+Mfcc3,14,100,0.7667,0.7482,0.75,0.1025,0.7354,0.1206
Shimmer+Centroid+SpectralSlope+Mfcc3,12,100,0.7333,0.7222,0.75,0.1204,0.7176,0.1491
Jitter+Shimmer+RMS+H1H2,8,100,0.7,0.6984,0.75,0.1204,0.7403,0.1405
Shimmer+Centroid+H1H2+SpectralSlope+Mfcc3,14,100,0.7,0.6729,0.75,0.136,0.7091,0.1746
RMS+Centroid+Mfcc3,10,100,0.6333,0.6132,0.75,0.0922,0.7301,0.1205
Shimmer+RMS+Centroid+H1H2+SpectralSlope+Mfcc3,16,100,0.7667,0.7482,0.74,0.102,0.7179,0.1192
Jitter+Shimmer+SpectralSlope,6,100,0.7,0.712,0.74,0.1114,0.7304,0.1043
RMS+Centroid+SpectralSlope,6,100,0.7,0.6699,0.74,0.102,0.6975,0.1251
Jitter+Centroid+SpectralSlope+Mfcc3,12,100,0.7,0.7056,0.74,0.12,0.7295,0.1121
RMS+H1H2+SpectralSlope+Mfcc3,12,100,0.6667,0.6576,0.74,0.12,0.7247,0.1291
RMS+Centroid+SpectralSlope+Mfcc3,12,100,0.6333,0.6132,0.74,0.1114,0.7272,0.128
Shimmer+RMS+H1H2+SpectralSlope+Mfcc3,14,100,0.7667,0.7412,0.73,0.1269,0.7088,0.1402
Shimmer+RMS+Centroid+SpectralSlope,8,100,0.7333,0.7005,0.73,0.1005,0.683,0.1217
Shimmer+RMS+H1H2+Mfcc3,12,100,0.7333,0.7216,0.73,0.1418,0.7126,0.1496
Jitter+Shimmer+RMS+SpectralSlope,8,100,0.6667,0.6689,0.73,0.1345,0.7393,0.142
RMS+H1H2+Mfcc3,10,100,0.7,0.694,0.72,0.1249,0.7031,0.1246
Jitter+Centroid+Mfcc3,10,100,0.6667,0.6789,0.72,0.1249,0.7135,0.1282
Jitter+Shimmer+H1H2+Mfcc3,12,100,0.6667,0.6789,0.72,0.0872,0.6963,0.1323
Jitter+Shimmer+SpectralSlope+Mfcc3,12,100,0.6333,0.642,0.72,0.1166,0.7136,0.1399
Jitter+Shimmer+H1H2+SpectralSlope+Mfcc3,14,100,0.6333,0.642,0.72,0.1077,0.6975,0.1448
Jitter+Shimmer+H1H2,6,100,0.7333,0.7367,0.71,0.1044,0.6903,0.1318
Shimmer+Mfcc3,8,100,0.7,0.68,0.71,0.1446,0.6532,0.1911
RMS+Centroid+H1H2+SpectralSlope+Mfcc3,14,100,0.6667,0.6576,0.71,0.13,0.6844,0.1409
Jitter+RMS+SpectralSlope,6,100,0.6333,0.6289,0.71,0.1136,0.7139,0.1097
RMS+Centroid+H1H2+SpectralSlope,8,100,0.6333,0.6182,0.71,0.1221,0.6291,0.1546
Jitter+Shimmer,4,100,0.7333,0.7367,0.7,0.1265,0.6781,0.1526
Jitter+Shimmer+H1H2+SpectralSlope,8,100,0.7,0.6984,0.7,0.1183,0.6845,0.1563
Shimmer+H1H2+Mfcc3,10,100,0.6333,0.5975,0.7,0.1265,0.6493,0.1602
RMS+Centroid+H1H2+Mfcc3,12,100,0.6333,0.6132,0.7,0.1095,0.6741,0.1072
Shimmer+RMS+Centroid+H1H2+SpectralSlope,10,100,0.7,0.6746,0.69,0.0831,0.6159,0.1128
Centroid+SpectralSlope+Mfcc3,10,100,0.6333,0.6142,0.69,0.1446,0.6648,0.156
Jitter+H1H2+Mfcc3,10,100,0.6,0.5974,0.69,0.1375,0.6698,0.1489
Jitter+Shimmer+RMS,6,100,0.6667,0.6578,0.68,0.1166,0.6658,0.132
Centroid+H1H2+SpectralSlope+Mfcc3,12,100,0.6667,0.6478,0.68,0.1778,0.6491,0.1938
Centroid+SpectralSlope,4,100,0.6333,0.5942,0.68,0.0748,0.5827,0.106
Centroid+H1H2+SpectralSlope,6,100,0.6333,0.5942,0.68,0.0748,0.5827,0.106
Centroid+Mfcc3,8,100,0.6,0.5662,0.68,0.14,0.6386,0.1648
Jitter+RMS+H1H2+SpectralSlope,8,100,0.6,0.5985,0.68,0.1536,0.6737,0.1451
Jitter+RMS,4,100,0.5333,0.5229,0.68,0.1536,0.6591,0.1773
Shimmer+Centroid,4,100,0.6333,0.5942,0.67,0.1187,0.5779,0.1398
Jitter+RMS+H1H2,6,100,0.6333,0.6326,0.67,0.1487,0.6672,0.1395
Shimmer+RMS+Centroid+H1H2,8,100,0.6333,0.6066,0.67,0.064,0.5778,0.0821
RMS+Centroid,4,100,0.5667,0.5353,0.67,0.09,0.5773,0.1186
Jitter+H1H2+SpectralSlope+Mfcc3,12,100,0.5667,0.5879,0.67,0.1487,0.6453,0.1624
Shimmer+RMS+Centroid,6,100,0.5333,0.5104,0.67,0.1005,0.5647,0.1269
Shimmer+Centroid+SpectralSlope,6,100,0.6667,0.6567,0.66,0.0917,0.5623,0.1175
Shimmer+SpectralSlope+Mfcc3,10,100,0.6667,0.6199,0.66,0.1497,0.6146,0.1734
Shimmer+H1H2+SpectralSlope+Mfcc3,12,100,0.6333,0.6294,0.66,0.1497,0.6145,0.1736
Centroid+H1H2+Mfcc3,10,100,0.6,0.5945,0.66,0.1562,0.606,0.1745
Shimmer+Centroid+H1H2+SpectralSlope,8,100,0.6667,0.6567,0.65,0.0922,0.5577,0.1172
Jitter+SpectralSlope+Mfcc3,10,100,0.6,0.6127,0.65,0.15,0.639,0.1549
RMS+SpectralSlope,4,100,0.6333,0.6132,0.64,0.1497,0.5734,0.1614
RMS+Centroid+H1H2,6,100,0.6333,0.6132,0.64,0.1356,0.5493,0.1228
Shimmer+Centroid+H1H2,6,100,0.6667,0.6501,0.63,0.09,0.5179,0.1077
Jitter+Mfcc3,8,100,0.6,0.5974,0.63,0.1418,0.6021,0.1678
Centroid+H1H2,4,100,0.6,0.5923,0.62,0.1327,0.514,0.1363
Shimmer+RMS+H1H2,6,100,0.6333,0.5948,0.61,0.1044,0.5288,0.0777
RMS+H1H2+SpectralSlope,6,100,0.6333,0.6182,0.61,0.1221,0.5437,0.1288
Shimmer+RMS+SpectralSlope,6,100,0.6,0.5873,0.61,0.0943,0.541,0.1071
Shimmer+RMS,4,100,0.6,0.5368,0.59,0.1044,0.4668,0.0833
Shimmer+RMS+H1H2+SpectralSlope,8,100,0.6333,0.6182,0.58,0.098,0.5142,0.0981
Shimmer+H1H2,4,100,0.6,0.449,0.57,0.064,0.4165,0.0569
Shimmer+SpectralSlope,4,100,0.6,0.525,0.57,0.1005,0.4843,0.1427
Jitter+SpectralSlope,4,100,0.5333,0.5501,0.57,0.1187,0.5818,0.1054
Shimmer+H1H2+SpectralSlope,6,100,0.6333,0.5965,0.55,0.1285,0.4699,0.1601
RMS+H1H2,4,100,0.6,0.5636,0.55,0.136,0.4486,0.144
Jitter+H1H2,4,100,0.5667,0.5549,0.55,0.1118,0.5259,0.1244
H1H2+Mfcc3,8,100,0.5,0.4909,0.55,0.2062,0.5092,0.238
H1H2+SpectralSlope+Mfcc3,10,100,0.4667,0.4606,0.54,0.1744,0.4844,0.1941
SpectralSlope+Mfcc3,8,100,0.5667,0.5744,0.52,0.1833,0.4634,0.1967
Jitter+H1H2+SpectralSlope,6,100,0.5,0.476,0.5,0.1095,0.4885,0.1123
H1H2+SpectralSlope,4,100,0.3333,0.2749,0.3,0.1673,0.2011,0.1162
